{
	"format_version": "1.8.0",
	"animations": {
		"snailidle": {
			"loop": true,
			"animation_length": 1.92,
			"bones": {
				"eye": {
					"rotation": {
						"0.0": {
							"vector": [17.43745, 1.50179, -4.76968]
						},
						"0.96": {
							"vector": [12.25002, 2.99318, -9.54589]
						},
						"1.92": {
							"vector": [17.43745, 1.50179, -4.76968]
						}
					}
				},
				"eye2": {
					"rotation": {
						"0.0": {
							"vector": [12.19157, -3.81024, 9.25249]
						},
						"0.96": {
							"vector": [14.51704, -4.44069, 11.67799]
						},
						"1.92": {
							"vector": [12.19157, -3.81024, 9.25249]
						}
					}
				}
			}
		},
		"snailwalk": {
			"loop": true,
			"animation_length": 1.92,
			"bones": {
				"shell": {
					"position": {
						"0.0": {
							"vector": [0, 0, 0]
						},
						"0.96": {
							"vector": [0, 0, -2]
						},
						"1.92": {
							"vector": [0, 0, 0]
						}
					}
				},
				"eye": {
					"rotation": {
						"0.0": {
							"vector": [17.25002, 2.99318, -9.54589]
						},
						"1.92": {
							"vector": [17.25002, 2.99318, -9.54589]
						}
					},
					"position": {
						"0.0": {
							"vector": [0, 0, 0]
						},
						"0.96": {
							"vector": [0, 0, -2]
						},
						"1.92": {
							"vector": [0, 0, 0]
						}
					}
				},
				"eye2": {
					"rotation": {
						"0.0": {
							"vector": [12.39638, -1.61888, 7.32417]
						},
						"1.92": {
							"vector": [12.39638, -1.61888, 7.32417]
						}
					},
					"position": {
						"0.0": {
							"vector": [0, 0, 0]
						},
						"0.96": {
							"vector": [0, 0, -2]
						},
						"1.92": {
							"vector": [0, 0, 0]
						}
					}
				},
				"body": {
					"position": {
						"0.0": {
							"vector": [0, 0, 0]
						},
						"0.96": {
							"vector": [0, 0, -2]
						},
						"1.92": {
							"vector": [0, 0, 0]
						}
					},
					"scale": {
						"0.0": {
							"vector": [1, 1, 1]
						},
						"0.96": {
							"vector": [1, 1, 1.1]
						},
						"1.92": {
							"vector": [1, 1, 1]
						}
					}
				}
			}
		}
	},
	"geckolib_format_version": 2
}